"","Status","w","y","x"
"1","control",-0.291822790621077,-1.19970251400996,-0.960249331333726
"2","control",0.701457901014625,-0.975544385502562,-0.333161874250951
"3","control",-0.293429675520334,-0.638629778241394,-0.0296552745466987
"4","control",-1.54331978117846,0.499822658306777,-2.12313612184707
"5","control",-0.59866836093267,0.106600575516377,0.717734244514989
"6","control",-1.30440415413376,-0.558444517792995,-1.79113998325662
"7","control",1.26649512888373,1.93745960514436,0.974913088638584
"8","control",0.283792423223832,0.210088390774336,0.768523312899927
"9","control",-1.52564841781936,-0.888091321668056,-1.56085615508338
"10","control",0.293147856162993,-0.170911228378312,0.417757883931097
"11","control",0.305837289667594,0.237935064898753,-0.119229575469275
"12","control",-0.74979625559509,-1.20342149006373,-1.42855159064099
"13","control",-1.82451644949923,-0.64090772893194,-2.67262212818664
"14","control",0.518363410237539,-0.105330317296027,-0.178531291142298
"15","control",0.44363271074677,-0.741226969942982,0.141681082543803
"16","control",-0.948741440360016,-1.13195866483284,-1.51580927924506
"17","control",-0.232190753198204,-0.448300275408013,0.350272152189647
"18","control",-1.90439502449959,-1.30895632045903,-1.65824349814084
"19","control",-0.653505187637701,-1.50922612554781,-0.457968954999592
"20","control",-0.672161073078483,-1.2025352346975,-0.268228312584907
"21","control",-1.29820956526395,-0.772845176615396,-1.443183418464
"22","control",1.65975723773428,3.65027788304576,1.75623617770747
"23","control",1.90345992063295,2.63304481327748,1.49190027803546
"24","control",-0.929462599134291,-1.4035006501727,-1.15199131757811
"25","control",0.0996263405312581,-0.694902585617848,-0.390949201053545
"26","control",-1.78844361440934,-0.737485548852446,-1.45494055410935
"27","control",0.49392297806102,0.652266593135961,0.504416324123197
"28","control",-0.722101664528571,-0.456164038539285,-0.184771151378983
"29","control",-0.177775914673418,-1.00206102558997,-0.74334391607595
"30","control",0.892693535326154,3.89035824223149,1.77631841595502
"31","control",2.48870735212618,3.12013165094358,1.67566663122167
"32","control",0.386004871536564,1.49284262000089,1.164453643024
"33","control",1.97246609818751,1.34250912412996,1.17887118674292
"34","control",-0.721307252879552,-0.821456179311986,-1.25283997920273
"35","control",0.454546298787654,0.664565890635171,0.399762340268871
"36","control",-0.583341537492839,-0.589985422541977,-0.303883377306356
"37","control",-0.590651468384479,-0.85131193169967,-0.636347486653417
"38","control",-1.1152774328872,-1.30052851638409,-1.29281750864339
"39","control",0.769826221635849,-0.14924957607875,0.0644053759400762
"40","control",-0.829470913048306,-1.63655714289782,-0.983594713022944
"41","control",-0.122939901103815,-1.53616498858642,-0.479863654881229
"42","control",1.56057517293904,3.83092064790512,1.68269252324154
"43","control",-1.19741962861664,-1.18904265034001,-2.03848633571921
"44","control",-3.71375103462144,-1.42806103991871,-3.19532133939865
"45","control",-0.860722041435848,-0.48137504390931,-1.00983201686727
"46","control",0.548397115939309,-0.219089149650819,0.182705078141021
"47","control",-0.698238084749418,-1.27312411364599,-0.687278090528861
"48","control",-0.434417185472697,-0.59683105610714,-0.164916139647925
"49","control",-1.10298363995907,-1.37264344162678,-0.644132808706803
"50","control",0.859472102094848,0.557937184844449,0.751895013043349
"51","control",0.175344599571033,-0.0860992400241433,0.374306152827133
"52","control",1.53809192646354,2.62669581109583,1.15589751274199
"53","control",0.15731197463371,0.633433964620604,0.655213502917743
"54","control",-0.278806506775222,0.687148935174719,0.286373183807898
"55","control",-0.979233703675721,-1.44831326742578,-0.946132100325989
"56","control",0.949625197026545,1.98648434459159,1.25349046794986
"57","control",-0.450915228117386,0.179211684474087,0.463106971662649
"58","control",0.703647463847937,-0.80121197407195,0.255530889033186
"59","control",-0.212183800941558,-0.924992090590591,-0.266328856247859
"60","control",-1.98795250372983,-0.919916050787552,-1.69493721461368
"61","control",1.17510445695756,0.632536284549116,1.02556819011013
"62","control",0.0686507618161695,0.539640105867175,0.51221055685559
"63","control",1.15082222244919,1.66966352460153,1.13719352181187
"64","control",-2.14584225261571,-0.238947535064627,-1.94597049716008
"65","control",-1.00530816757965,-1.33936948733428,-0.624821273488934
"66","control",-0.88470079712673,-2.1211257485563,-0.306749475665272
"67","control",1.63175741069918,2.5832566961458,1.29522937250847
"68","control",0.211956229110901,1.50209894096188,0.881451799831419
"69","control",0.988869731217142,0.172443038578114,0.364631587668968
"70","control",1.94074969493785,2.14829302475438,1.36411405884128
"71","control",-1.19644396317514,0.364030289872376,0.404274081038788
"72","control",1.6608894291506,3.79335471263183,1.94300669654262
"73","control",-1.8957912844647,-0.766252759060523,-1.1498789722962
"74","control",-0.929558753426565,-1.12813431116995,-0.400149461285779
"75","control",-1.47202534610228,-0.943987868325501,-0.882265549470642
"76","control",1.24116208828571,3.29313404918106,1.65116448310348
"77","control",0.473701803760261,-0.473628044646002,-0.121764707805473
"78","control",0.193814767674221,-0.168689340023565,0.138891697097773
"79","control",-0.903040623911669,-1.23463909492929,-0.581260923887027
"80","control",-0.263641932046561,-1.40629523699661,0.24719870808694
"81","control",0.465562010944676,-0.0802909552369419,-0.0242698093076764
"82","control",-2.74890084767886,-1.29109102390077,-1.88498072797448
"83","control",0.804129171039308,3.77017710240907,1.64503160171785
"84","control",-2.73835977110559,-0.923163802067946,-2.25061006910409
"85","control",-1.7100198913977,-1.97417584747123,-1.25296018572172
"86","control",-0.223588958122107,0.611051435295138,0.525670610974159
"87","control",0.52137951006947,1.60493951296027,1.14125217554799
"88","control",-1.1880039664661,-1.4085577463256,-1.1393881351337
"89","control",1.02350939343465,0.793535790878118,0.780031721655663
"90","control",1.16722543220091,1.42858468126419,1.0467563261015
"91","control",-1.92292970638226,-0.736384968865982,-1.4590201108314
"92","control",0.890822824560328,1.26386183552256,0.963857509015861
"93","control",-0.929015303139136,-1.21916812022987,-0.82498045513687
"94","control",-1.62711897627401,-1.0139233778615,-1.40416769616647
"95","control",1.31278221340869,4.96696915641134,1.96303453191381
"96","control",1.15012187001573,1.47560042976796,0.554992120868035
"97","control",0.57861824865431,2.77674584215114,1.74335889963419
"98","control",0.527960554221927,0.36929291051675,0.827350709601028
"99","control",-0.342301882674723,-1.14021627409626,-0.260034639813682
"100","control",-2.39469585159544,-0.396282611722366,-1.08889255020752
"101","control",-0.547477750718692,-0.674492884551847,-1.01814415748148
"102","control",0.343926150248613,-0.670533044149921,0.249372222079173
"103","control",1.57981796601575,3.52295795959275,1.57792859575635
"104","control",2.75463825984134,3.20819346024843,1.46551612493516
"105","control",0.384903304784943,-0.595231455001008,-0.00359065496410945
"106","control",-2.09625886821162,-0.913930392113148,-1.61419095085365
"107","control",-0.208769186020407,-1.13391886985123,-0.0546534678879971
"108","control",-0.43315094522023,-0.175715083783672,0.0924989053387011
"109","control",-0.202531730515631,-0.639745363273015,0.141639800199525
"110","control",-0.921485100258455,-0.796617661931345,-0.703092044647836
"111","control",0.357300021667924,-0.614583928247553,-0.152417531102852
"112","control",0.576090895537064,0.923699440522089,0.791363919885674
"113","control",1.82233403880237,2.41844441368913,1.15385131657843
"114","control",-0.998759450578046,-0.916739296597216,-0.353515817775225
"115","control",0.170127513284521,0.400318028612779,0.0479416571303165
"116","control",-0.992622977719077,-0.592002223427285,-0.116011779602977
"117","control",-0.0390042340476192,1.14205220973262,0.893549357761427
"118","control",0.0631757328110416,-0.236945892745741,0.0850673769650161
"119","control",-0.993688234166998,-1.41112323513482,-0.718356212500472
"120","control",-0.904413700082171,-1.97863897875425,-0.920795949194143
"121","control",-1.32889523981898,-1.48816259729669,-0.664535327808648
"122","control",1.09016483940001,3.40896098720657,1.54784265579071
"123","control",1.01941573496726,0.575480920872482,0.669403773178265
"124","control",1.65002725322406,3.62634081519876,1.87575283459765
"125","control",0.919705987581902,-0.698754372520966,0.111349419279911
"126","control",0.855157209987991,3.09950724633942,1.49900115396184
"127","control",-2.1957632909738,-1.4951220014554,-1.12805369587593
"128","control",-0.965398356835056,-0.900279403550182,-0.992376535931599
"129","control",1.09487211532276,3.13136622480164,1.50840452534958
"130","control",-0.782732301799951,-0.122422935375095,-0.273651070709753
"131","control",1.37593377637056,2.53620510054932,1.60946103856142
"132","control",2.10712213434726,5.73890957316196,2.04415172394411
"133","control",-0.121893543563706,-0.209518684168691,-0.104009962714635
"134","control",-0.97852427014353,-0.562927155653748,-0.215096198975749
"135","control",0.2883064173394,0.750650224556079,0.754140711523479
"136","control",-1.21380169405055,-0.936301138768196,-1.276859449734
"137","control",0.562434577670884,0.492729712875317,0.436146786542372
"138","control",-1.92130832618894,-1.20656756516506,-0.336476984155858
"139","control",-0.546251272031548,-1.35070133303029,-0.632264393950118
"140","control",-1.64307677149512,-1.40041110885815,-1.23164422731661
"141","control",0.228661285545087,-1.78028549037933,-0.376685820136503
"142","control",0.747202265133286,1.26431204128684,1.17727755952924
"143","control",0.465303133917293,1.18545977939307,1.10707429217173
"144","control",-0.221523158907757,0.150202145144,0.0521510533810356
"145","control",0.923805802981539,0.303312640811564,0.451702439347923
"146","control",0.662751351682384,-0.238083706282712,0.438934276610644
"147","control",-0.914676939164525,-0.559676957542452,-0.328086373263837
"148","control",-2.17035542643886,-1.71841214800295,-2.28415527925987
"149","control",-1.50262338199375,-0.965278683054995,-1.55219921044036
"150","control",0.944500160130721,2.63925536505126,1.57158525664959
"151","control",0.382132708174194,-0.0303196324580062,0.489276969659885
"152","control",1.28802167275019,2.80700864845148,1.48274611228249
"153","control",0.178088253791456,-1.00724631015011,-0.27759580256953
"154","control",1.76256574807564,-0.409218565094256,0.248681751960747
"155","control",0.627264854219444,-0.860007347952806,-0.0600836809480955
"156","control",1.05761544647947,-1.2136219206026,0.0992445694127988
"157","control",0.164876755152462,-0.421212344990835,-0.250336267154961
"158","control",0.315710898072189,-1.18633863508657,-1.50019705576759
"159","control",-0.157669729598655,1.30797247212907,0.651610303366674
"160","control",-2.54997670547896,-1.13329106079685,-3.21976539047012
"161","control",0.0503161384289135,-0.135031586165476,0.444898695654333
"162","control",1.54540990197822,2.41456411299,1.5340087355795
"163","control",-0.107514854245162,0.0198509340187081,-0.3748484012133
"164","control",-0.639825711546717,-0.986027660020175,-1.08338102950154
"165","control",-0.289278412523462,-1.45164664373484,-0.77955147859533
"166","control",-1.1518061787465,-1.12219323943955,-1.13300514237597
"167","control",1.17792328204696,-0.884677720915594,-0.00370150006681451
"168","control",0.0333812594686311,0.293439939398298,0.305973910788483
"169","control",0.838950011856386,-1.05274298740713,-0.593393684872469
"170","control",-0.00942099102682491,-0.412714850244754,-0.11149742206651
"171","control",-0.66993783348831,0.306480335532058,0.168585623558713
"172","control",-1.24995897342188,-1.24004799966252,-0.404147570383234
"173","control",1.59681599586786,-0.852584178161166,0.13152124408084
"174","control",0.8026024587964,1.75487776968274,0.914335653231512
"175","control",2.29941161321731,3.30977171263031,1.57322257739728
"176","control",0.79614723112549,0.824587819406494,0.26188626864094
"177","control",0.151375344690569,-0.106290745313367,0.179068267813356
"178","control",-0.464069501488073,0.222796937366078,0.842205700847653
"179","control",-1.56459003873528,-0.743157520499274,-0.870621981224033
"180","control",0.159777627193137,3.30900817937397,1.61663274593692
"181","control",-0.134142011147554,0.341299752847465,0.0990394986650562
"182","control",0.111665817446129,-0.678817257986498,0.0255657660901383
"183","control",-0.104584570446179,-1.24987061355366,-0.609011139373677
"184","control",0.51110603126029,0.479032855750551,0.832977361198972
"185","control",-0.529468607803076,-0.291653886400949,-0.621519503297494
"186","control",-0.643352951849819,-1.93105294989939,-0.808994334295001
"187","control",-0.187673843424457,0.642341463751134,0.304582334357337
"188","control",0.908911668260383,0.138034046759461,0.828649206789538
"189","control",1.28905200597589,1.20791235211,0.748497150999482
"190","control",-0.404021041126314,-2.36620992448291,-0.991329273395566
"191","control",0.529123695852507,0.379199550776074,0.683745178269853
"192","control",-0.342291979445199,1.15434937741231,0.915261712236758
"193","control",0.569345712022659,1.90645504546747,0.997254514641245
"194","control",0.383758564329129,2.01697294635292,1.31225120248804
"195","control",-0.500579223985334,0.412552767797274,0.274996260907799
"196","control",-0.827406139351296,-1.99536709984601,-0.810214140396121
"197","control",0.369682433045838,-0.87979755983644,-0.644115436458764
"198","control",0.216450726522389,-0.526557888708949,-0.330324040354745
"199","control",2.13033202146447,5.69583014086879,2.30482381800162
"200","control",0.341295252042344,1.85637769159424,0.937791958254664
"201","control",-1.71641322406902,-0.700941527194718,-1.89073376623793
"202","control",-0.60579904889774,-1.74059114845637,-0.997077632869603
"203","control",-1.87950109998329,-1.36494807621868,-1.43114537416515
"204","control",1.98325198740097,6.09373859781004,2.25309323558226
"205","control",1.3928825162312,0.552210423081427,0.728470045314099
"206","control",1.05532098559918,3.11838969710498,1.40935492509272
"207","control",0.947733811298735,0.0295152386150045,0.0902420743367945
"208","control",0.881511050999777,0.812191125317649,0.458376614537397
"209","control",0.113819792949499,1.0198793419822,0.358921436937961
"210","control",1.44316382872027,2.87653923245967,1.25911179464759
"211","control",-2.35110043002645,-0.598576703885142,-1.97546326539748
"212","control",2.54504682876944,7.76551829900553,2.62056026927235
"213","control",1.97588659625925,9.52832393761039,2.79244985191405
"214","control",0.0205029265399095,1.31815510847367,0.941630934638903
"215","control",-1.13933875302348,-0.7569019301394,-0.245661056412517
"216","control",2.29774710976015,6.8331631984988,2.31959905994152
"217","control",-0.14172354950997,-1.0134473733927,0.295058949421165
"218","control",-1.1399041436033,0.268112699783551,0.306548492561664
"219","control",0.267369407796082,-1.03072255919471,0.150935418698406
"220","control",1.42780051082568,1.20830361694481,1.09200084271329
"221","control",-1.22852392386199,-2.49618983856206,-1.41591151801895
"222","control",-0.00865664273865496,-0.888404390115348,-0.404787010661603
"223","control",-0.329964081254157,0.0121120458185217,-0.1904642294471
"224","control",-0.503327677447667,-0.708113049087814,-0.872323320246211
"225","control",0.561287532104965,-0.278512191536784,0.279280453337693
"226","control",0.4437822487423,0.568823666322003,0.24386218342084
"227","control",-0.77528691775637,-0.735161929107792,-0.634900593670544
"228","control",1.43100442241637,2.42510106970293,1.50741297632714
"229","control",0.144322970140213,-1.32229149947914,-0.154113028329372
"230","control",1.11299521746301,-0.194204181226376,0.447804035453884
"231","control",-0.768770979926305,0.0741366084645841,0.0199651067180717
"232","control",0.275749665029469,1.70518255031601,1.1359559082362
"233","control",-1.13089482870113,-0.119693334167088,-0.372342209132416
"234","control",0.976369974691893,1.67718328836807,0.733028333178755
"235","control",-1.16275076186403,-1.27857450835038,-0.733825934738418
"236","control",-0.475105891929421,-1.14973279049322,-0.464431706586156
"237","control",0.555290587697757,-1.16491832185656,-0.521192978133323
"238","control",-0.989549420574467,-2.03073743783248,-1.20923803727694
"239","control",0.451674761731757,-1.4633742630647,-0.809045973044811
"240","control",0.96766730832064,1.83822739497774,1.04730287266377
"241","control",-1.66718279284744,-1.84427744163641,-1.03275684493732
"242","control",0.91380929611964,1.00377692520854,0.704314347965634
"243","control",0.91222029265288,1.91836012562173,1.05818504781802
"244","control",1.44050839845901,3.57405845990931,1.68844707839591
"245","control",-1.12197581558193,-1.8592738078713,-0.948540795576351
"246","treatment",-2.55669489975951,-0.292298142338638,-1.76399069986718
"247","treatment",-1.43331267091082,-0.0378819730937128,-2.16960389158273
"248","treatment",1.55097704938733,5.3669104308015,1.94697396348876
"249","treatment",0.157332674987468,2.94207781496047,0.915887879866736
"250","treatment",-1.59042328374523,0.573408067044389,-1.11801212625667
"251","treatment",0.0669888822177862,3.67818282544003,1.04745787289597
"252","treatment",-0.39571302660568,2.04707431586126,-0.235727566142395
"253","treatment",1.21821533899805,4.39719748937754,1.42141955145514
"254","treatment",2.47027080022775,6.60233057900687,2.47702694205288
"255","treatment",-2.20024846911203,0.417774530369148,-1.89158070077596
"256","treatment",-0.628458357868527,1.33986071151491,-0.636432912809551
"257","treatment",-0.909371878131123,1.76598939684987,-0.771148471272516
"258","treatment",-1.27831334029322,1.16815920408724,-1.17873536025429
"259","treatment",1.63348886429705,3.1344923976639,1.00472556149998
"260","treatment",-1.54891663775878,2.38547789217998,-0.922279920315591
"261","treatment",0.370845496667264,2.52732944440721,0.214900453937904
"262","treatment",-0.0119985160364579,2.45298000283849,0.0680973995767671
"263","treatment",0.280798040154131,4.92405221775227,1.5775887548539
"264","treatment",-0.3877182775276,1.5076610875957,-0.426208547572206
"265","treatment",-0.273819362609623,2.26812814170794,0.194828464684687
"266","treatment",-0.446105871873943,1.90372121857154,-0.523018945790363
"267","treatment",-0.358465916164828,2.68599118300517,0.274279652351721
"268","treatment",-0.0336146907252292,1.18412274998714,-0.450636501071151
"269","treatment",2.07950887204971,3.2856797055792,0.812290800719068
"270","treatment",0.829539839443381,1.74200842078804,0.176979659481431
"271","treatment",-0.736495845259811,1.35619697243896,-0.563640088503546
"272","treatment",2.72557555960308,6.60240002430367,2.30969522284121
"273","treatment",-0.470335717343048,1.46295925712485,-0.0829260017984571
"274","treatment",0.182680083300798,3.20228000217861,0.907335341593755
"275","treatment",-0.0763070688193819,2.90045644870932,0.321363922264859
"276","treatment",-1.81615905798589,0.156697922964062,-1.25667947935894
"277","treatment",-0.795869069546259,-0.215852910423901,-1.63313025303612
"278","treatment",-0.774053134857403,0.707136030644417,-0.959878474626366
"279","treatment",0.332027225435294,2.71482368257614,0.647011699454216
"280","treatment",0.779664556344357,2.47806521912657,-0.17833255422789
"281","treatment",-2.32560409035574,0.177880550608325,-1.69385423794994
"282","treatment",0.551992278574718,2.67470133261321,0.457358236014443
"283","treatment",0.207888962087081,2.68046530094909,0.33050922291441
"284","treatment",-1.40381551060821,0.454382135892503,-0.31486227997832
"285","treatment",-0.652082235607525,1.77683709150829,-0.818618792209009
"286","treatment",-1.05902787585912,1.37962243638437,-0.145609965112039
"287","treatment",1.48647902295067,1.94495507994556,0.870482509062753
"288","treatment",0.960332684861649,3.2421062752427,0.976606906324912
"289","treatment",-0.975818516088247,1.84183398234409,-0.405908121374901
"290","treatment",0.0816689467592853,2.99239212025794,0.211908635177485
"291","treatment",-0.217825164463546,2.15030613371739,0.197935750324156
"292","treatment",-1.69411003232279,2.1549335226672,-0.123180594047598
"293","treatment",1.82109108874411,2.50546556318744,-0.101302023690542
"294","treatment",-1.29574509888324,2.61917345539669,-0.449184255050077
"295","treatment",0.320825907898587,3.08191469210363,0.719637007750418
"296","treatment",1.47903000018478,3.02959955149637,1.05064974196339
"297","treatment",1.55206048574374,3.7541491172862,0.960560391468318
"298","treatment",2.47863814786596,5.1008492915175,1.75174274662594
"299","treatment",1.14145274158114,4.55753639486343,1.07756080718572
"300","treatment",1.36686012999328,2.71246419419608,0.398010187535197
"301","treatment",1.61090024634024,4.59068212169609,1.37464306725923
"302","treatment",-1.23232994810538,1.6220098697416,-0.866828851974386
"303","treatment",-0.176253458577454,1.45723278624457,-0.154964461129082
"304","treatment",-1.00865145308316,1.55622361919297,-0.443417003853969
"305","treatment",1.07223780341979,1.8507486929206,-0.187364421100309
"306","treatment",0.115648136445807,2.10306760801261,-0.116064613262699
"307","treatment",0.759804008252681,3.13404629115219,0.262950739374182
"308","treatment",-0.448006105298701,2.38353876791745,0.119583924093541
"309","treatment",1.24974924707839,2.53111401826907,0.912162643771914
"310","treatment",-1.01415568632104,0.30773002892481,-1.66400546780976
"311","treatment",-0.104063378639805,1.43056248568104,-0.137303925350532
"312","treatment",0.807047193906312,2.52069817942652,0.108260276923901
"313","treatment",-0.944135278232696,1.80737649520642,-0.215474536913817
"314","treatment",1.24861260719198,1.87406670241261,0.3416437203554
"315","treatment",0.0953307288254004,1.15385444237946,-0.990287117540238
"316","treatment",1.36887110520819,2.98859058449162,0.863677581364264
"317","treatment",-0.148741699755662,1.23295397413229,-0.307244063110035
"318","treatment",-1.3188239755845,1.88171481924667,-0.628900847443079
"319","treatment",-0.0255974563850297,1.538847096361,0.286074442342846
"320","treatment",-1.58998091983935,0.415261227492499,-1.85387560590492
"321","treatment",-0.640002646886952,0.00890498911002557,-1.38138743470311
"322","treatment",0.495990399882268,1.1375858056178,-0.348334212759954
"323","treatment",-1.6334390749616,0.39728419069604,-1.36459717498858
"324","treatment",-1.26244867090176,2.0542079128499,-0.213254282220825
"325","treatment",1.1619973464206,3.13520417399368,-0.343767656441102
"326","treatment",-0.178409076851342,1.12496630460442,-0.758663510820333
"327","treatment",1.15833870876268,3.84574583163508,1.5599261251999
"328","treatment",-0.181231231690401,0.443735512632525,-0.725200558255001
"329","treatment",1.43929725290102,2.82146183893605,0.896536756709298
"330","treatment",2.93017653189172,3.39000206980089,1.38772448558585
"331","treatment",1.6047750624308,3.5126654209875,1.16219448766387
"332","treatment",0.32712646843495,2.88829022563841,0.431354712020503
"333","treatment",-0.121367105948241,2.03357067648368,-0.397033479559043
"334","treatment",1.63149717116802,5.3313502925202,1.7986842737989
"335","treatment",0.162715497698794,1.29815054605975,-0.562570014468967
"336","treatment",-0.445027393960652,2.35233938536654,0.219511583185017
"337","treatment",-1.21877813155094,0.22444767199184,-1.56613166992002
"338","treatment",-0.76683025840052,1.45716046871369,-0.506344728678792
"339","treatment",0.734393553853657,1.65317733722453,-0.761284413925625
"340","treatment",2.5266669390958,5.64588235466165,1.57474095282723
"341","treatment",0.556247425893649,0.393219909273288,-1.33899097905498
"342","treatment",-1.45641556507722,1.3593690679966,-1.14043326310016
"343","treatment",1.02718655852519,1.33703749643394,0.02969807630461
"344","treatment",2.25605320943826,4.70787926144012,1.68090376096281
"345","treatment",0.495865681853281,2.41398215064653,0.369026192908459
"346","treatment",2.06555340071905,3.56088176581419,1.16272333352774
"347","treatment",-0.794538301994264,2.060248933667,-0.231260609900828
"348","treatment",-0.392078573834805,1.10764197904336,-0.315118985249206
"349","treatment",0.238158293559284,2.7964367219563,0.196153089419057
"350","treatment",1.22219318053596,2.64472466427424,0.450994118112417
"351","treatment",0.386180012473313,2.14784257417926,0.249827804679263
"352","treatment",-1.03133686603707,0.100129908997903,-1.13150981925084
"353","treatment",-1.857867924132,0.224666101554531,-1.32028113911478
"354","treatment",0.38782316996791,2.6559069812244,0.837446539980217
"355","treatment",-2.09178592504811,-0.136072637137865,-2.13688170619327
"356","treatment",1.56949644421551,3.21252540811241,1.07720929001878
"357","treatment",0.312575604154952,2.97365839485932,0.426801179914619
"358","treatment",-0.236596182603262,1.77973286440915,-0.144386067030405
"359","treatment",0.796960785787859,1.04951060241834,0.265939571690178
"360","treatment",-1.0395429162736,2.59559554969752,0.229140511644254
"361","treatment",1.84101052846792,4.52284812102103,1.68259328455628
"362","treatment",-0.598631379287945,0.409340005000935,-1.33439674251365
"363","treatment",-0.00842858628825732,2.24064600599292,-0.371366040141514
"364","treatment",0.149164610193336,2.54551499653953,0.854154858357443
"365","treatment",-0.0666449161851589,2.23871682485433,-0.240204492666375
"366","treatment",-0.811700051177144,1.68007708707305,0.0620716586599917
"367","treatment",0.795777653780794,3.00328744598791,0.798906403821374
"368","treatment",-0.985201423575969,1.13549232527021,-1.14037413597258
"369","treatment",-0.667148258199966,1.58231644612079,-0.83006806892103
"370","treatment",-0.131882435060715,0.89477658512043,-0.460199627143149
"371","treatment",-0.0440365126899391,3.21877871354506,0.159383039907145
"372","treatment",0.531762175802078,2.31779276767817,-0.380838954515604
"373","treatment",-0.145477978472765,3.32999031076956,1.1865923610876
"374","treatment",1.74249395769757,5.43691478544266,1.79751700993997
"375","treatment",-1.53973556019228,0.783436186576174,-0.676650169278409
"376","treatment",0.636181873130667,3.6978035798711,1.00509751993847
"377","treatment",-0.702358445585746,0.535793520417405,-1.15207724177158
"378","treatment",-0.828063846128557,1.56071072598058,-0.605798542918907
"379","treatment",1.37603512292448,4.01278519988309,1.48134190034289
"380","treatment",0.375061348497491,3.24504749440842,0.996743317046308
"381","treatment",0.202745904813837,1.418786980137,-0.0769556650903318
"382","treatment",0.267030513804873,1.75491441978148,0.0200022230602526
"383","treatment",-0.226217070503477,1.97052279299721,-0.467315240897733
"384","treatment",-1.33315451415433,1.13519290317815,-1.60915006857432
"385","treatment",-0.626891520545944,2.18342438022249,-0.356891294356231
"386","treatment",-0.181625271964137,0.994345386288094,-0.576550252114686
"387","treatment",-2.30336626885627,0.0103010765729654,-1.93633795301075
"388","treatment",2.684649603038,9.34128274118011,3.17944019184514
"389","treatment",1.04749512306817,3.32706971416402,0.931591364636503
"390","treatment",-0.961481472489345,0.694947177607856,-0.906826412744933
"391","treatment",0.515048593644399,2.00603694341966,0.586512836779168
"392","treatment",-0.238071731518188,3.17136508840137,0.0918026466040579
"393","treatment",0.350282998793791,2.47869459726435,0.301134493508245
"394","treatment",1.5302360368221,4.27885274233626,1.5161977245039
"395","treatment",1.41970018557699,3.36675474551514,1.05247575269119
"396","treatment",-1.46350719501313,1.08252445552107,-0.691209381431536
"397","treatment",-0.412393650276513,1.60034592787125,-0.221098997384942
"398","treatment",-0.804698021022073,2.52847649269243,-0.2720712980025
"399","treatment",-0.0195206754121268,2.3346875397672,-0.0162573372757413
"400","treatment",2.09687785430993,5.42188736723675,2.22127315344326
"401","treatment",1.27426087284272,4.42813798313556,1.77599009934948
"402","treatment",0.162459937766892,2.00306482048191,0.0855051085026571
"403","treatment",1.5857022069194,3.13573462277873,1.18876345723526
"404","treatment",1.17461201125699,2.85380339042313,0.326524030016596
"405","treatment",-0.432369784348923,2.24997934818628,-0.856325971373711
"406","treatment",0.556835808279002,4.22088841227198,1.31743402147542
"407","treatment",-0.000306920588651227,2.81294827676247,0.496707430226436
"408","treatment",-0.0995545652956061,1.8249824617737,-0.337673724989433
"409","treatment",-0.6881009705805,1.02903519816481,-0.960875065559503
"410","treatment",-1.2973605902409,1.39745782402802,-0.506458897049857
"411","treatment",1.09783828228213,3.83375622885337,1.35954334281192
"412","treatment",-1.55200715156364,1.74025124629669,-0.307474177263514
"413","treatment",1.5515925865372,2.45968039071427,0.766592017979435
"414","treatment",0.664159249337566,3.55703412759354,1.28325552686591
"415","treatment",0.14071005779558,2.51826313936179,0.23722900437744
"416","treatment",1.56508490471998,4.42289119424307,1.40994206242417
"417","treatment",-0.931554819495443,1.15593351709199,-0.37315406723307
"418","treatment",-0.745415198725113,1.42114167918935,-0.459149426214094
"419","treatment",0.786248609538261,2.04697768128305,0.191198056812704
"420","treatment",-1.10430355952963,1.50930707119149,-1.14301844282285
"421","treatment",1.58585305537013,3.76828960413332,1.18556938730846
"422","treatment",1.10511172204714,1.98354259602937,0.063188544513162
"423","treatment",1.39740590101631,2.84885826305825,0.725423664118017
"424","treatment",-1.35378546177367,1.05163982196931,-0.991175268197975
"425","treatment",0.508819265153383,3.09454359781661,1.12486590638869
"426","treatment",0.926404681724366,2.20943869584805,0.256116837601455
"427","treatment",3.04205918965966,6.12512458688104,2.24582586164871
"428","treatment",-0.741401031941286,2.19974690503861,-0.311777157357546
"429","treatment",-0.192797035041221,2.73825498207742,0.00266628007085249
"430","treatment",-0.218656818018221,1.22583383341308,-0.549307977713385
"431","treatment",-0.429150467157005,1.09498407186506,-0.755783004280382
"432","treatment",1.79329432850958,3.92923006040194,1.29915402714124
"433","treatment",1.80037277552071,3.67019914806137,1.15812122965791
"434","treatment",0.575713922422613,2.79037255783213,0.641449678895563
"435","treatment",0.0704267998185886,2.86029436530323,1.06808802989046
"436","treatment",2.76529816573455,6.96752573333799,2.34783220862683
"437","treatment",0.707575152291289,2.4351798721865,0.143475745907269
"438","treatment",0.0880863489047807,2.7189398100106,0.643364836762846
"439","treatment",1.65770069754546,1.73121053452313,0.360297213137481
"440","treatment",0.929932689008776,2.33151647189956,0.211072775389138
"441","treatment",-1.64766785919715,1.12225235332083,-1.14756078612476
"442","treatment",2.12349583123566,4.24008279429436,1.42472627248212
"443","treatment",0.143157191678957,2.10919633350498,0.0195894839619469
"444","treatment",-0.347058127340495,0.621163816953409,-0.194982317157139
"445","treatment",0.415293359660016,2.94393873798134,0.79466285081596
"446","treatment",0.26814349773502,2.37594906610658,-0.371419467390038
"447","treatment",-1.01195228081147,2.21900958175803,0.297240210752769
"448","treatment",0.638412213769181,3.02673367003666,0.890415244454303
"449","treatment",-3.04196642716327,-0.535174274039173,-2.09841054422028
"450","treatment",-1.95631914949779,0.207832562975906,-1.86779221817902
"451","treatment",0.747779972622012,1.249481367201,-0.363424312808633
"452","treatment",1.08135810073609,2.55607499620518,0.813675140184679
"453","treatment",0.733463289845837,3.2109004990307,0.705402903953042
"454","treatment",-1.6707814419196,1.08861726184466,-0.366131241702208
"455","treatment",-1.24434720055322,-0.34718298474331,-2.0389934782852
"456","treatment",-1.73295115263958,-0.791205402802906,-1.93536434624537
"457","treatment",-0.239445957349481,2.54024137998282,0.494260303091299
"458","treatment",-2.23596918721895,1.17009936014549,-1.5319088948486
"459","treatment",-0.872955134710534,1.85963316089527,-0.451414736826448
"460","treatment",-0.53077563763572,1.98239746861556,-0.014874948514881
"461","treatment",-1.29663905856611,2.0336553797296,-0.0596363448954311
"462","treatment",1.03708636742156,2.11542446581231,0.00077589354814538
"463","treatment",-0.415188144619152,1.3989098411117,0.238261959873062
"464","treatment",0.554671087978301,2.47886473076524,0.420386715675838
"465","treatment",-0.113805020139744,1.23571772386327,-0.279205766138982
"466","treatment",0.0118369695238414,4.42485076198887,0.996081717947028
"467","treatment",-0.0872570785947944,2.83866143359503,-0.000358308850525877
"468","treatment",-0.380625150539912,1.48641264259877,-1.0756519765683
"469","treatment",-1.60897912349504,1.6454511531451,-1.01467737850894
"470","treatment",-1.39212626196513,0.867021967764593,-1.28980060033878
"471","treatment",0.356683473625595,1.84534790758608,-0.459285856463382
"472","treatment",3.32821084468115,7.17079239811403,2.42033604734869
"473","treatment",0.307831067708074,1.70443444536446,-0.605374695655702
"474","treatment",-0.811826250993518,0.831396326312479,-0.790107435290135
"475","treatment",-2.21152548538537,-0.397978361721416,-1.94937333828798
"476","treatment",-0.860733646611226,1.96011620266932,-0.55753663836209
"477","treatment",-0.228159551745083,2.06822616229156,0.346664607432775
"478","treatment",-1.22544820538769,1.63139366108225,-1.10039969090665
"479","treatment",0.297643177212178,2.88794869051248,1.01379713993815
"480","treatment",-2.949784775644,-0.692863751858212,-2.78985988613001
"481","treatment",-0.575446351232902,2.01307636640689,-0.110673564075068
"482","treatment",-1.00112648394888,1.77899007414821,-0.0593607042709488
"483","treatment",1.22214159781695,2.12953197360866,0.763797379009474
"484","treatment",-2.796219460159,-0.36991417628659,-2.01729199342562
"485","treatment",-1.09312313889463,1.48517265738773,-0.703101184128647
"486","treatment",-0.726387487521218,0.245718801476871,-1.49497800128503
"487","treatment",1.27709103816739,5.65440579334496,1.57392288386822
"488","treatment",-2.67392053934831,0.390375536906442,-1.93291272331423
"489","treatment",2.98190358988265,6.53141935280983,2.74557371862647
"490","treatment",-0.874071391722354,0.58965371073945,-0.873126120076958
